"","Species","Status","Seed.size","Seed.shape","Dispersal.syndrome","Vegetative.sperad","Leaf.size","Habit","Sculthorpe","Plant.height","Stem.length","Persistence","Reproductive.period","Stem.type","Nitrogen.fixation","Anaerobiosis.tolerance","Drougth.tolerance","Photosynthetic.path","Raunkiaer"
"1","Acmella_decumbens","1","2","1","0","1","2","1","0","25","50","1","4","1","0","1","1","1","1"
"2","Alternanthera_philoxeroides","1","2","2","1","1","2","1","1","30","100","1","1","1","0","2","1","2","2"
"3","Alternanthera_reineckii","1","1","2","1","1","2","2","2","10","40","2","1","1","0","1","1","2","3"
"4","Amphibromus_sp","1","2","2","1","1","2","3","2","40","70","1","4","1","0","2","1","1","4"
"5","Axonopus_fissifolius","1","2","3","1","1","3","2","2","10","100","1","1","1","0","2","1","2","2"
"6","Azolla_filiculoides","1","1","4","1","1","1","4","3","1","3","2","0","1","1","2","1","1","3"
"7","Baccharis_trimera","1","2","1","0","0","2","5","0","40","70","1","1","2","0","1","2","1","1"
"8","Bromus_sp","1","4","5","1","0","3","6","0","10","40","1","4","1","0","1","1","1","2"
"9","Callitriche_lechleri","1","1","3","1","0","1","4","4","30","50","2","3","1","0","2","1","1","3"
"10","Carex_sp","1","3","2","1","1","3","6","2","30","60","1","4","1","0","2","2","1","2"
"11","Centella_asiatica","1","3","2","1","1","2","2","2","5","100","1","1","1","0","1","2","1","2"
"12","Cerastium_humifusum","1","2","4","1","1","1","1","2","15","25","2","4","1","0","2","1","1","3"
"13","Chaptalia_piloselloides","1","4","5","1","0","3","7","0","10","10","1","4","1","0","1","1","1","2"
"14","Chara_sp","1","1","4","1","0","0","4","4","20","50","2","0","1","0","2","1","1","3"
"15","Cirsium_vulgare","2","3","1","0","0","4","7","0","50","150","3","1","1","0","1","2","1","3"
"16","Crassula_peduncularis","1","1","3","1","1","1","1","2","5","10","2","3","1","0","2","2","3","3"
"17","Cuphea_varia","1","1","4","1","0","1","5","2","20","30","2","1","1","0","2","1","1","1"
"18","Cynodon_dactylon","2","2","2","1","1","2","2","0","15","100","1","4","1","0","2","1","2","2"
"19","Cyperus_sesquiflorus","1","2","3","1","1","2","6","2","30","40","1","4","1","0","1","1","2","2"
"20","Cyperus_sp","1","2","3","1","1","3","6","2","30","50","1","1","1","0","2","2","2","4"
"21","Danthonia_secundiflora","1","2","3","1","0","2","6","2","20","70","1","4","1","0","2","1","1","2"
"22","Dichanthelium_sabulorum","1","2","2","1","1","1","6","0","20","50","1","4","1","0","1","2","2","2"
"23","Dichondra_microcalyx","1","2","3","1","1","2","2","0","5","80","1","3","1","0","2","1","1","2"
"24","Echinodorus_longiscapus","1","2","3","1","1","4","3","1","50","70","1","4","1","0","2","1","1","4"
"25","Eclipta_elliptica","1","2","2","1","1","2","2","2","5","50","1","1","1","0","1","1","1","2"
"26","Elatine_brachysperma","1","1","5","1","1","1","1","2","5","15","2","4","1","0","2","1","1","3"
"27","Eleocharis_bonariensis","1","2","3","1","1","2","3","2","15","50","1","4","1","0","2","1","2","2"
"28","Eleocharis_haumaniana","1","2","3","1","1","3","3","1","30","60","1","4","1","0","2","1","2","4"
"29","Eleocharis_minima","1","1","3","1","1","1","6","1","5","20","2","4","1","0","2","1","2","3"
"30","Eleocharis_montana","1","2","6","1","1","3","3","1","40","100","1","1","1","0","2","2","2","4"
"31","Eleocharis_radicans","1","1","3","1","1","1","3","2","5","10","1","1","1","0","2","1","2","4"
"32","Eleocharis_sellowiana","1","1","3","1","1","2","3","1","20","50","1","4","1","0","2","1","2","4"
"33","Eleocharis_viridans","1","1","6","1","1","1","6","2","10","40","1","4","1","0","2","2","2","2"
"34","Elodea_sp","2","4","5","1","1","2","4","4","15","100","1","4","1","0","2","1","2","2"
"35","Enydra_sessilis","1","2","3","1","0","2","8","2","10","80","1","1","1","0","2","1","1","2"
"36","Eragrostis_cataclasta","1","1","3","1","1","3","6","2","15","50","1","4","1","0","1","2","2","2"
"37","Eryngium_eburneum","1","2","1","0","0","4","7","2","40","60","1","1","1","0","2","2","1","2"
"38","Eryngium_echinatum","1","2","1","0","0","3","8","2","10","60","1","1","1","0","2","2","1","2"
"39","Eryngium_nudicaule","1","2","1","0","0","3","7","0","10","40","1","4","1","0","2","1","1","2"
"40","Eryngium_pandanifolium","1","2","1","0","0","4","7","1","80","150","1","1","1","0","2","2","1","2"
"41","Eryngium_sanguisorba","1","2","1","0","0","3","7","0","30","50","1","1","1","0","1","1","1","2"
"42","Facelis_retusa","1","2","1","0","0","2","1","0","15","50","2","4","1","0","1","1","1","3"
"43","Festuca_arundinacea","2","2","5","0","1","3","6","0","40","60","1","4","1","0","1","1","1","2"
"44","Filamentous_algae","1","1","4","1","1","0","4","5","15","50","2","0","1","0","2","1","1","3"
"45","Fimbristylis_sp","1","1","3","1","0","2","6","1","20","25","1","4","1","0","2","1","2","2"
"46","Galium_uruguayense","1","1","4","1","0","1","4","0","10","25","2","4","1","0","2","1","1","3"
"47","Gamochaeta_americana","1","2","1","0","0","3","5","0","10","40","3","4","1","0","1","2","1","2"
"48","Gaudinia_fragilis","2","1","3","1","0","2","5","0","20","70","2","2","1","0","1","1","1","3"
"49","Geranium_dissectum","2","2","4","1","0","2","5","0","15","15","2","4","1","0","0","0","1","3"
"50","Glyceria_multiflora","1","2","3","1","1","4","6","1","60","80","1","4","1","0","2","1","1","2"
"51","Gratiola_peruviana","1","1","3","1","0","2","5","2","10","30","1","1","1","0","2","1","1","1"
"52","Habenaria_sp","1","1","4","1","1","2","7","0","8","15","1","2","1","0","1","1","1","2"
"53","Herbertia_lahue","1","1","4","1","0","3","5","0","5","10","1","4","1","0","1","1","1","4"
"54","Hydrocotyle_bonariensis","1","2","2","1","1","3","2","2","20","100","1","4","1","0","1","1","1","4"
"55","Hydrocotyle_cryptocarpa","1","3","3","1","1","1","2","6","5","20","2","4","1","0","2","1","1","3"
"56","Hypochaeris_radicata","2","4","1","0","0","3","7","0","10","60","1","1","1","0","1","2","1","2"
"57","Isoetes_weberi","1","1","6","1","0","2","7","4","10","30","1","0","1","0","2","1","1","4"
"58","Juncus_dichotomus","1","1","3","1","1","2","6","2","30","70","1","4","1","0","2","1","1","2"
"59","Juncus_microcephalus","1","1","3","1","0","4","3","1","50","70","1","4","1","0","2","1","1","2"
"60","Leersia_hexandra","1","2","3","1","1","3","1","1","20","100","1","1","1","0","2","1","1","2"
"61","Lemna_gibba","3","1","4","1","1","1","4","3","0.4","0.6","2","4","1","0","1","1","1","3"
"62","Lilaeopsis_attenuata","1","2","4","1","1","2","2","4","7","100","2","1","1","0","2","1","1","2"
"63","Limnobium_laevigatum","1","4","5","0","1","2","4","3","10","30","1","4","1","0","2","1","1","2"
"64","Lobelia_hederacea","1","1","3","1","1","1","2","2","15","80","1","1","1","0","1","1","1","2"
"65","Lolium_multiflorum","2","3","3","1","1","2","6","0","15","60","2","4","1","0","2","1","1","3"
"66","Lotus_corniculatus","2","2","3","1","0","2","5","0","20","20","1","4","1","1","1","1","1","1"
"67","Lotus_suaveolens","2","2","2","1","0","2","5","0","10","20","2","4","1","1","1","1","1","3"
"68","Ludwigia_cf._longifolia","1","1","3","1","0","3","5","1","50","70","2","4","1","0","2","1","1","3"
"69","Ludwigia_peploides","1","1","3","1","1","2","1","6","40","100","1","4","1","0","2","2","1","2"
"70","Luziola_peruviana","1","2","3","1","1","3","1","4","20","100","1","1","1","0","2","1","1","2"
"71","Lysimachia_minima","2","1","6","1","1","1","5","0","5","10","2","4","1","0","2","1","1","3"
"72","Marsilea_ancylopoda","1","4","4","1","1","2","2","6","25","80","1","0","1","0","2","1","1","2"
"73","Mentha_pulegium","2","1","3","1","1","2","1","2","10","70","1","1","1","0","2","1","1","2"
"74","Micranthemum_umbrosum","1","3","3","1","1","2","2","4","5","40","1","1","1","0","2","1","1","3"
"75","Mnesithea_selloana","1","2","3","1","1","3","6","0","20","80","1","4","1","0","1","1","2","2"
"76","Montia_fontana","2","1","4","1","1","1","1","2","5","20","2","1","1","0","2","1","1","3"
"77","Myriophyllum_aquaticum","1","1","3","1","1","2","1","4","25","100","1","1","1","0","2","1","1","1"
"78","Nothoscordum_cf._bonariense","1","2","6","1","0","2","5","2","15","25","2","4","1","0","2","1","1","4"
"79","Nymphoides_indica","3","2","4","1","1","4","4","6","30","60","1","1","1","0","1","1","1","4"
"80","Oldenlandia_salzmannii","1","1","6","1","1","1","8","2","8","30","2","4","1","0","2","1","1","3"
"81","Ophioglossum_sp","1","1","4","1","0","2","5","0","5","10","1","0","1","0","1","1","1","4"
"82","Ornithopus_pinnatus","2","2","4","1","0","2","5","0","10","30","2","4","1","1","1","1","1","3"
"83","Oxalis_paludosa","1","2","2","1","1","1","5","2","25","50","2","4","1","0","2","1","1","1"
"84","Panicum_gouinii","1","2","2","1","1","3","3","1","20","50","1","1","1","0","1","2","2","2"
"85","Paspalum_denticulatum","1","2","3","1","1","2","3","2","15","40","1","1","1","0","2","2","2","2"
"86","Paspalum_dilatatum","1","2","3","1","0","3","8","0","15","40","1","1","1","0","2","2","2","2"
"87","Paspalum_minus","1","2","2","1","0","3","8","2","10","40","1","1","1","0","2","2","2","2"
"88","Paspalum_modestum","1","2","3","1","1","3","8","1","10","80","1","1","1","0","2","2","2","2"
"89","Paspalum_notatum","1","2","3","1","0","3","8","0","15","40","1","4","1","0","1","2","2","2"
"90","Paspalum_vaginatum","1","2","3","1","1","2","2","2","10","20","1","1","1","0","2","1","2","2"
"91","Phyla_nodiflora","1","2","4","1","1","1","2","0","10","100","1","1","1","0","1","1","1","2"
"92","Picrosia_longifolia","1","4","1","0","0","3","7","2","20","80","1","4","1","0","1","1","1","2"
"93","Piptochaetium_cf._stipoides","1","2","4","1","0","3","6","0","20","60","1","4","1","0","1","1","1","2"
"94","Poa_annua","2","2","3","1","0","2","5","0","15","30","2","2","1","0","1","1","1","3"
"95","Polygala_australis","1","2","5","1","0","1","5","0","8","12","2","4","1","0","1","1","1","3"
"96","Polygonum_acuminatum","1","2","2","1","1","3","5","1","50","100","1","2","1","0","2","1","1","1"
"97","Polygonum_hydropiperoides","1","2","2","1","1","3","5","1","50","100","1","4","1","0","2","1","1","1"
"98","Polygonum_punctatum","1","2","2","1","1","2","5","1","50","100","1","1","1","0","2","1","1","1"
"99","Pontederia_cordata","1","2","3","1","1","4","4","1","50","90","1","1","1","0","2","1","1","2"
"100","Potamogeton_sp","1","2","3","1","1","2","2","6","15","100","1","4","1","0","2","1","1","4"
"101","Ranunculus_apiifolius","1","2","2","1","0","4","5","6","40","60","2","3","1","0","2","1","1","3"
"102","Ranunculus_bonariensis","1","1","2","1","0","2","5","1","15","35","2","4","1","0","2","1","1","3"
"103","Rorippa_bonariensis","1","2","4","1","0","1","5","2","10","40","2","3","1","0","1","1","1","3"
"104","Rumex_crispus","2","2","4","1","0","4","7","0","40","40","1","4","1","0","2","2","1","2"
"105","Saccharum_angustifolium","1","3","3","1","1","4","6","2","100","150","1","1","1","0","2","1","2","2"
"106","Sagittaria_montevidensis","1","2","1","0","1","4","7","1","60","100","1","4","1","0","2","1","1","4"
"107","Scutellaria_racemosa","1","1","4","1","1","1","5","2","15","30","1","4","1","0","2","1","1","2"
"108","Selaginella_sp","1","1","4","1","1","1","2","2","3","30","1","0","1","0","2","1","1","2"
"109","Senecio_selloi","1","4","1","0","0","4","5","0","50","100","1","4","2","0","1","2","1","1"
"110","Senecio_tweediei","1","3","1","0","0","3","5","1","60","150","2","4","1","0","2","1","1","3"
"111","Setaria_geminata","1","2","3","1","1","3","2","1","30","60","1","1","1","0","1","1","2","2"
"112","Setaria_parviflora","1","2","3","1","0","3","8","0","20","90","1","4","1","0","1","2","2","2"
"113","Solanum_glaucophyllum","1","4","4","1","0","4","5","2","80","150","1","1","3","0","2","1","1","5"
"114","Soliva_macrocephala","1","3","1","0","0","2","7","0","10","30","2","4","1","0","2","1","1","3"
"115","Sonchus_sp","2","2","1","0","0","3","7","0","40","100","2","4","1","0","2","1","1","3"
"116","Sphagnum_sp","1","1","4","1","1","1","2","4","5","30","1","0","1","0","2","1","1","2"
"117","Sporobolus_indicus","1","1","3","1","0","3","6","0","20","100","1","4","1","0","1","2","2","2"
"118","Steinchisma_hians","1","2","2","1","1","3","8","2","20","60","1","4","1","0","1","1","2","2"
"119","Stellaria_media","2","1","2","1","0","2","8","0","15","25","2","3","1","0","1","1","1","3"
"120","Stenotaphrum_secundatum","1","2","2","1","1","2","2","2","10","100","1","4","1","0","2","1","2","2"
"121","Symphyotrichum_squamatum","1","2","1","0","0","3","5","2","20","100","1","1","1","0","1","1","1","1"
"122","Trichanthecium_cf._schwackeanum","1","1","3","1","1","3","6","2","20","80","1","1","1","0","1","1","2","2"
"123","Trifolium_repens","2","2","2","1","1","2","2","0","15","100","1","4","1","1","2","1","1","2"
"124","Triglochin_scilloides","1","3","3","1","0","4","6","1","25","40","2","4","1","0","2","1","1","3"
"125","Utricularia_platensis","1","1","2","1","1","1","4","5","15","50","2","4","1","0","2","1","1","3"
